Term,Present in LabMT ?,
ways,Yes,
spa,Yes,
#backpacker,No,
party,Yes,
port,Yes,
super,Yes,
past,Yes,
#hungary,No,
sunshine,Yes,
absolutely,Yes,
alaska,Yes,
april,Yes,
floating,Yes,
starts,Yes,
poland,Yes,
products,Yes,
oddy,No,
manila,No,
trains,Yes,
#greek,No,
great,Yes,
indonesia,Yes,
indian,Yes,
#newyork,No,
lot,Yes,
safari,No,
outdoor,Yes,
drive,Yes,
path,Yes,
spent,Yes,
chicago,Yes,
shot,Yes,
colors,Yes,
eyes,Yes,
#traveltip,No,
credit,Yes,
meeting,Yes,
#backpack,No,
guam,No,
sunset,Yes,
budget,Yes,
follow,Yes,
offer,Yes,
stop,Yes,
high,Yes,
koh samui,No,
wanderlust,No,
wheelchair,No,
heard,Yes,
chance,Yes,
fancy,Yes,
children,Yes,
minutes,Yes,
#taipei,No,
team,Yes,
priority,Yes,
maine,Yes,
washington dc,No,
don't,Yes,
#travelphotography,No,
door,Yes,
#berlin,No,
topic,Yes,
namibia,No,
inspiring,Yes,
#architecture,No,
backpack,No,
moon,Yes,
blogs,Yes,
suites,No,
hopping,No,
@ryanair,No,
ghent,No,
adventurous,No,
macau,No,
north korea,No,
urban,Yes,
louisiana,Yes,
new zealand,No,
starting,Yes,
#rivercruise,No,
#recommend,No,
#norway,No,
star,Yes,
search,Yes,
belgium,No,
#sale,No,
gems,No,
texas,Yes,
rich,Yes,
google,Yes,
wear,Yes,
bags,Yes,
support,Yes,
tonight,Yes,
fashion,Yes,
thanksgiving,Yes,
illinois,Yes,
holidays,Yes,
taking,Yes,
add,Yes,
season,Yes,
wow,Yes,
digital,Yes,
#heritage,No,
easier,Yes,
couples,Yes,
station,Yes,
personal,Yes,
seattle,Yes,
brown,Yes,
botswana,No,
burundi,No,
moldova,No,
bus station,No,
rural,Yes,
boarding,No,
alabama,Yes,
exploring,No,
inspired,Yes,
enjoy,Yes,
break,Yes,
capital,Yes,
california,Yes,
#vegantravel,No,
families,Yes,
usd,No,
hope,Yes,
bar,Yes,
double,Yes,
spanish,Yes,
#packing,No,
classic,Yes,
random,Yes,
#crete,No,
saudi arabia,No,
layover,No,
oneway,No,
check,Yes,
#india,No,
amazing,Yes,
trips,Yes,
land,Yes,
#southafrica,No,
#yoga,No,
ireland,Yes,
malaysia,No,
#madrid,No,
hey,Yes,
tricks,Yes,
unforgettable,No,
scenery,No,
savings,Yes,
afghanistan,Yes,
brunei ,No,
ethiopia,No,
suriname,No,
arrivals,No,
destination,Yes,
street,Yes,
#portugal,No,
apps,Yes,
job,Yes,
magic,Yes,
#sicily,No,
#sardinia,No,
#queensland,No,
shouldn't,Yes,
missed,Yes,
ship,Yes,
safety,Yes,
toronto,Yes,
#danger,No,
easter,Yes,
#temple,No,
shanghai,No,
amusement,No,
luggage fee,No,
pack,Yes,
found,Yes,
secrets,Yes,
picture,Yes,
future,Yes,
sightseeing,No,
line,Yes,
#quotes,No,
#toronto,No,
new orleans,No,
calling,Yes,
disney,Yes,
community,Yes,
oslo,No,
wanna,Yes,
apartment,Yes,
cyan,No,
congo, democratic republic of the,No
tunisia,No,
furniture,Yes,
news,Yes,
share,Yes,
tours,Yes,
san francisco,No,
couple,Yes,
#morocco,No,
healthy,Yes,
buy,Yes,
worst,Yes,
archive,Yes,
:d,No,
#visit,No,
sand,Yes,
#maunakea,No,
scoured,No,
kings,Yes,
aruba,No,
burkina faso,No,
syria,No,
massachusetts,Yes,
time,Yes,
asia,Yes,
france,Yes,
ancient,Yes,
site,Yes,
airlines,Yes,
budapest,No,
gardens,Yes,
bit,Yes,
hear,Yes,
affordable,No,
keeping,Yes,
#bahamas,No,
window,Yes,
hosts,No,
#peace,No,
medieval,Yes,
#golf,No,
pin,Yes,
nebraska,No,
packing,Yes,
#christmas,No,
i've,Yes,
mountain,Yes,
northern,Yes,
#travelphoto,No,
pick,Yes,
#airbnb,No,
warm,Yes,
#switzerland,No,
shop,Yes,
waterfalls,No,
cheaper,Yes,
springs,Yes,
episode,Yes,
weird,Yes,
pay,Yes,
sign,Yes,
started,Yes,
feet,Yes,
india,Yes,
#cruise,No,
#tips,No,
fields,Yes,
markets,Yes,
boutique,No,
insurance,Yes,
mobile,Yes,
#bolivia,No,
foreigners,No,
#santorini,No,
#coffee,No,
#jordan,No,
key,Yes,
stone,Yes,
iconic,No,
#romania,No,
soul,Yes,
mist,Yes,
bahrain,No,
beaches,No,
#hawaii,No,
evening,Yes,
sunny,Yes,
lovers,Yes,
finland,No,
million,Yes,
#twwt,No,
apple,Yes,
isle,No,
responsible,Yes,
discovery,Yes,
bath,Yes,
dominican republic,No,
swaziland ,No,
attack,Yes,
first,Yes,
first class,No,
wyoming,No,
down,Yes,
business,Yes,
#malaysia,No,
hiking,No,
app,Yes,
germany,Yes,
#tmom,No,
cuisine,No,
enjoying,Yes,
towns,Yes,
#people,No,
readers,Yes,
#beijing,No,
#denmark,No,
:/,No,
health,Yes,
#mauritius,No,
#travelquotes,No,
wireless,Yes,
sao tome and principe,No,
right,Yes,
life,Yes,
#hotel,No,
awesome,Yes,
#review,No,
join,Yes,
market,Yes,
full,Yes,
barn,No,
dining,Yes,
isn't,Yes,
miles,Yes,
catch,Yes,
edinburgh,Yes,
yeah,Yes,
#israel,No,
indigo,No,
gray,Yes,
oman,No,
somalia,No,
beginning,Yes,
#trip,No,
house,Yes,
travels,No,
#budapest,No,
cultural,Yes,
ski,Yes,
#camping,No,
#city,No,
skiing,No,
#restaurant,No,
#apps,No,
canadian,Yes,
guy,Yes,
#photographers,No,
rent,Yes,
saint lucia,No,
domestic,Yes,
terrorism,Yes,
illegal substance,No,
ohio,Yes,
#croatia,No,
enter,Yes,
interview,Yes,
front,Yes,
thing,Yes,
desert,Yes,
won't,Yes,
#nomad,No,
question,Yes,
talking,Yes,
historical,Yes,
downtown,Yes,
milan,No,
bhutan,No,
equatorial guinea,No,
nigeria,No,
samoa ,No,
unpack,No,
hourly,No,
24/7,No,
traveling,Yes,
lake,Yes,
#hong kong,No,
#mexico,No,
#cambodia,No,
ocean,Yes,
#catamaran,No,
map,Yes,
stuff,Yes,
#bulgaria,No,
#wales,No,
#rajasthan,No,
birthday,Yes,
rainy,Yes,
#climbing,No,
kuwait,Yes,
saturday,Yes,
new year's eve,No,
delay,Yes,
mississippi,Yes,
blog,Yes,
#japan,No,
live,Yes,
cities,Yes,
secret,Yes,
makes,Yes,
#florida,No,
forget,Yes,
important,Yes,
garden,Yes,
idea,Yes,
royal,Yes,
#southaustralia,No,
writing,Yes,
@lomography,No,
backpacker,No,
fair,Yes,
#journey,No,
taxi,Yes,
thursday,Yes,
flight,Yes,
photography,Yes,
singapore,Yes,
#amsterdam,No,
caribbean,No,
deal,Yes,
wait,Yes,
magazine,Yes,
jungle,Yes,
cruising,No,
#animals,No,
seasons,Yes,
opera,Yes,
#uae,No,
#castle,No,
updates,Yes,
lesotho,No,
september,Yes,
economy class,No,
exit,Yes,
places,Yes,
journey,Yes,
heading,Yes,
turkey,Yes,
#digitalnomad,No,
santa,Yes,
impressions,No,
whale,Yes,
myanmar,No,
korea,Yes,
#photoblog,No,
#travelnews,No,
experts,Yes,
#snow,No,
swim,Yes,
lighthouse,No,
andorra,No,
trinidad and tobago,No,
immigration,Yes,
vermont,Yes,
#luxury,No,
view,Yes,
greece,Yes,
spots,Yes,
mexico,Yes,
passport,No,
#argentina,No,
accommodation,No,
#vegan,No,
memories,Yes,
point,Yes,
#islands,No,
kuala lumpur,No,
#inspire,No,
#destinations,No,
delayed,Yes,
#macedonia,No,
krabi,No,
georgia (us state),No,
#florence,No,
:),No,
bucket,Yes,
incredible,Yes,
nice,Yes,
boat,Yes,
falls,Yes,
#myanmar,No,
wat,Yes,
letter,Yes,
hills,Yes,
eastern,Yes,
glorious,Yes,
miami,Yes,
sleep,Yes,
#finland,No,
who's,Yes,
dublin,No,
missing person,No,
camp,Yes,
air condition,No,
visiting,Yes,
cruise,Yes,
today,Yes,
#sydney,No,
you're,Yes,
water,Yes,
leave,Yes,
loved,Yes,
#flight,No,
#archives,No,
events,Yes,
woman,Yes,
game,Yes,
brazil,Yes,
remember,Yes,
#dublin,No,
info,Yes,
amusement park,No,
michigan,Yes,
montana,Yes,
africa,Yes,
mountains,Yes,
#culture,No,
guest,Yes,
early,Yes,
reading,Yes,
historic,Yes,
#accommodation,No,
storm,Yes,
europe's,No,
cycling,No,
#milan,No,
turtles,No,
information,Yes,
shoes,Yes,
pillow,Yes,
united states of america,No,
october,Yes,
debit card,No,
new jersey,No,
#vacation,No,
summer,Yes,
#roadtrip,No,
australian,Yes,
moments,Yes,
steps,Yes,
#spa,No,
abu dhabi,No,
takes,Yes,
peninsula,No,
#russia,No,
reserve,Yes,
space,Yes,
glacier,No,
play,Yes,
#photooftheday,No,
oldest,Yes,
theme,Yes,
uganda,No,
coach,Yes,
#blog,No,
sydney,Yes,
#budget,No,
pictures,Yes,
canyon,No,
golden,Yes,
today's,Yes,
#viladerei,No,
club,Yes,
blogging,Yes,
school,Yes,
prices,Yes,
#oregon,No,
san juan,No,
architecture,Yes,
#museum,No,
saint vincent and the grenadines,No,
credit card,No,
departures,No,
american samoa,No,
#holiday,No,
explore,Yes,
america,Yes,
style,Yes,
backpacking,No,
#cairo,No,
left,Yes,
#miami,No,
expensive,Yes,
items,Yes,
helsinki,No,
changed,Yes,
airports,No,
#mountain,No,
affording,No,
bolivia,No,
experiencing,No,
unlimited,Yes,
aren't,Yes,
dominica,No,
plan,Yes,
walk,Yes,
barcelona,No,
lunch,Yes,
friend,Yes,
#venice,No,
beaten,Yes,
monday,Yes,
colombia,No,
americans,Yes,
exotic,No,
#slowtravel,No,
gorge,No,
#eu,No,
argentina,Yes,
pearl,Yes,
treat,Yes,
heating,Yes,
purple,Yes,
barbados,No,
guide,Yes,
post,Yes,
reasons,Yes,
archives,Yes,
made,Yes,
save,Yes,
vegas,Yes,
#maldives,No,
chiang mai,No,
luggage,No,
nomad,No,
fear,Yes,
dinner,Yes,
#vienna,No,
lifetime,Yes,
rajasthan,No,
teach,Yes,
iraq,Yes,
serbia,No,
suitcase,Yes,
finding,Yes,
#family,No,
cape,Yes,
#holidays,No,
i'll,Yes,
southern,Yes,
postcard,No,
athens,No,
feature,Yes,
cafe,Yes,
loving,Yes,
death,Yes,
#traveldeals,No,
building,Yes,
zoo,Yes,
#cruising,No,
railway,Yes,
gambia, the,No
tuvalu,No,
day off,No,
winter,Yes,
daily,Yes,
money,Yes,
happy,Yes,
tourist,Yes,
air,Yes,
music,Yes,
put,Yes,
#selfie,No,
inspire,Yes,
italian,Yes,
tropical,No,
san diego,No,
waves,Yes,
visitors,Yes,
fascinating,No,
#kids,No,
date,Yes,
kilometers,No,
#beach,No,
cheap,Yes,
iceland,No,
plans,Yes,
safe,Yes,
#digitalnomads,No,
#kerala,No,
media,Yes,
#srilanka,No,
black,Yes,
breaking,Yes,
#best,No,
pros,No,
aurora,No,
colorado,Yes,
cappadocia,No,
#albania,No,
georgia (country),No,
san marino,No,
arrival,Yes,
visit,Yes,
islands,Yes,
tourism,No,
nature,Yes,
#wine,No,
social,Yes,
complete,Yes,
#safari,No,
met,Yes,
coolest,Yes,
#enroute,No,
flickr,Yes,
rules,Yes,
guatemala,No,
afford,Yes,
clearance,No,
sudan,No,
tonga,No,
missouri,Yes,
mile,Yes,
good,Yes,
what's,Yes,
local,Yes,
stunning,Yes,
sites,Yes,
#scuba,No,
sale,Yes,
maui,No,
honeymoon,No,
#startup,No,
lakes,No,
monastery,No,
oregon,Yes,
industry,Yes,
haha,Yes,
curacao,No,
togo,No,
explosion,Yes,
stormy,Yes,
big,Yes,
avoid,Yes,
times,Yes,
#southamerica,No,
cheapest,No,
#save,No,
survive,Yes,
kingdom,Yes,
quotes,Yes,
nicaragua,No,
carry-on,No,
vienna,Yes,
distance,Yes,
images,Yes,
men,Yes,
internet,Yes,
#solo,No,
bosnia and herzegovina,No,
latvia,No,
uruguay,No,
#asia,No,
wine,Yes,
learned,Yes,
#deals,No,
heaven,Yes,
#guide,No,
united,Yes,
#book,No,
kind,Yes,
dead,Yes,
patagonia,No,
#health,No,
based,Yes,
websites,Yes,
coastal,No,
taj mahal,No,
scared,Yes,
burma,No,
platform,Yes,
atm,Yes,
#travelblogger,No,
win,Yes,
morning,Yes,
bali,No,
years,Yes,
#cuba,No,
earth,Yes,
restaurants,Yes,
ice,Yes,
#traveler,No,
plane,Yes,
#tbt,No,
saving,Yes,
#amazing,No,
largest,Yes,
#follow,No,
lines,Yes,
transport,Yes,
turns,Yes,
gate,Yes,
road,Yes,
days,Yes,
town,Yes,
#blogger,No,
#france,No,
#travelskills,No,
adventures,No,
norway,No,
famous,Yes,
#chile,No,
planet,Yes,
fire,Yes,
eye,Yes,
options,Yes,
vacations,No,
perth,No,
locations,No,
booked,Yes,
november,Yes,
vacation days,No,
trip,Yes,
home,Yes,
#hotels,No,
rock,Yes,
#traveltheworld,No,
#hostel,No,
didn't,Yes,
#york,No,
i'd,Yes,
excited,Yes,
brussels,No,
:-),No,
#bargains,No,
calm,Yes,
retreat,Yes,
shows,Yes,
sports,Yes,
united arab emirates,No,
new mexico,No,
weekend,Yes,
#luxurytravel,No,
snow,Yes,
staying,Yes,
hike,No,
eats,Yes,
route,Yes,
hard,Yes,
breathtaking,No,
hate,Yes,
totally,Yes,
pacific,Yes,
apply,Yes,
tuesday,Yes,
number,Yes,
cairo,No,
simply,Yes,
fell,Yes,
violet,No,
students,Yes,
week,Yes,
train,Yes,
china,Yes,
natural,Yes,
#istanbul,No,
#winter,No,
gold,Yes,
international,Yes,
church,Yes,
gifts,Yes,
#museums,No,
photographers,No,
culinary,No,
skyline,No,
parents,Yes,
broken,Yes,
central african republic,No,
subway,Yes,
senior citizens,No,
kentucky,Yes,
#traveltuesday,No,
find,Yes,
people,Yes,
ultimate,Yes,
#spain,No,
eur,No,
can't,Yes,
friday,Yes,
guys,Yes,
#streetart,No,
shopping,Yes,
#disney,No,
clouds,Yes,
australia's,No,
snowy,No,
#slovenia,No,
square,Yes,
#oceania,No,
solomon islands,No,
parking,Yes,
#tourism,No,
world's,Yes,
#inspiration,No,
#free,No,
pic,Yes,
english,Yes,
airbnb,No,
autumn,Yes,
#facts,No,
backpackers,No,
hacks,No,
phuket,No,
maldives,No,
saint,Yes,
austria,Yes,
kyrgyzstan,No,
micronesia,No,
palau,No,
rwanda,No,
purchase,Yes,
#nyc,No,
@pinterest,No,
worth,Yes,
#prague,No,
give,Yes,
england,Yes,
tree,Yes,
#us,No,
scenic,No,
comment,Yes,
bag,Yes,
#getaway,No,
memorable,No,
product,Yes,
taipei,No,
#landscapes,No,
fab,Yes,
pm,Yes,
missing luggage,No,
august,Yes,
popular,Yes,
hidden,Yes,
east,Yes,
that's,Yes,
#girlstravel,No,
june,Yes,
war,Yes,
private,Yes,
posts,Yes,
#mongolia,No,
vancouver,Yes,
create,Yes,
#gapyear,No,
florida,Yes,
#stjohn,No,
bangalore,No,
sanctuary,No,
yellow,Yes,
sierra leone,No,
south dakota,No,
#egypt,No,
#win,No,
dubai,Yes,
#focus,No,
#jesus,No,
choose,Yes,
#colombia,No,
return,Yes,
recommendations,Yes,
power,Yes,
move,Yes,
finally,Yes,
fast,Yes,
write,Yes,
copenhagen,No,
shower,Yes,
antigua and barbuda,No,
haiti,Yes,
ticket,Yes,
united states virgin islands,No,
#greece,No,
make,Yes,
views,Yes,
uk,Yes,
wild,Yes,
meet,Yes,
sky,Yes,
crazy,Yes,
istanbul,No,
parks,Yes,
expect,Yes,
beer,Yes,
#zanzibar,No,
#traveldaily,No,
zanzibar,No,
comfort,Yes,
#backpackers,No,
stuck,Yes,
traveler's,No,
liechtenstein,No,
#video,No,
free,Yes,
travelers,Yes,
article,Yes,
amazon,Yes,
scotland,Yes,
breaks,Yes,
fabulous,Yes,
southeast,Yes,
peak,Yes,
rtw,No,
costs,Yes,
<3,No,
check-in,No,
wifi,Yes,
armenia,No,
el salvador,No,
fiji,No,
kiribati,No,
it's,Yes,
hotels,Yes,
art,Yes,
italy,Yes,
culture,Yes,
#facebook,No,
usa,Yes,
gorgeous,Yes,
photoblog,No,
#austria,No,
#paradise,No,
chocolate,Yes,
faces,Yes,
code,Yes,
dance,Yes,
#lgbt,No,
a/c,No,
guyana,No,
may,Yes,
spring,Yes,
online,Yes,
berlin,Yes,
quick,Yes,
switzerland,Yes,
#travelguides,No,
festivals,No,
french,Yes,
#trekking,No,
#iran,No,
close,Yes,
van,Yes,
waiting,Yes,
memory,Yes,
canal,Yes,
kit,Yes,
havana,No,
fish,Yes,
youth hostel,No,
saint kitts and nevis,No,
world,Yes,
part,Yes,
holiday,Yes,
new york,No,
coast,Yes,
#trlt,No,
#bucketlist,No,
blue,Yes,
#travelgear,No,
real,Yes,
making,Yes,
white,Yes,
mount,Yes,
diving,No,
florence,Yes,
thoughts,Yes,
#train,No,
jewel,No,
#aviation,No,
mali,No,
long,Yes,
#art,No,
#singapore,No,
friendly,Yes,
pretty,Yes,
foods,Yes,
rail,Yes,
victoria,Yes,
trees,Yes,
broke,Yes,
#drink,No,
@paypal,No,
covered,Yes,
wrong,Yes,
#pnw,No,
event,Yes,
#beer,No,
huge,Yes,
successful,Yes,
express,Yes,
travel,Yes,
#adventure,No,
#germany,No,
#love,No,
#newzealand,No,
watching,Yes,
bus,Yes,
service,Yes,
#shopping,No,
half,Yes,
#travelvideo,No,
#travelgram,No,
teaching,Yes,
#fashion,No,
roadtrip,No,
rooftop,No,
czech,No,
#volunteer,No,
monthly,Yes,
business class,No,
destinations,No,
bay,Yes,
watch,Yes,
costa rica,No,
instagram,No,
locals,No,
coming,Yes,
#dubai,No,
lisbon,No,
celebrate,Yes,
rio de janeiro,No,
phone,Yes,
beijing,Yes,
#traveladvice,No,
landscapes,No,
highest,Yes,
salt,Yes,
fave,Yes,
drinking,Yes,
accident,Yes,
japan,Yes,
#giveaway,No,
#athens,No,
story,Yes,
#go,No,
taste,Yes,
#beautiful,No,
discount,Yes,
selfie,No,
thai,Yes,
globe,Yes,
download,Yes,
#fridayfeeling,No,
wedding,Yes,
azerbaijan,No,
ghana,No,
niger,No,
papua new guinea,No,
goods,Yes,
rhode island,No,
national,Yes,
paris,Yes,
favorite,Yes,
blogger,Yes,
#indonesia,No,
tourists,Yes,
#fun,No,
reason,Yes,
center,Yes,
#tech,No,
#travelquote,No,
exclusive,Yes,
spotlight,Yes,
#czechrepublic,No,
jet,Yes,
#montenegro,No,
venezuela,No,
boarding pass,No,
arkansas,Yes,
island,Yes,
photos,Yes,
i'm,Yes,
kids,Yes,
itinerary,No,
#iceland,No,
ready,Yes,
bangkok,No,
portugal,No,
resorts,No,
#socialmedia,No,
#travelpic,No,
#party,No,
called,Yes,
machu picchu,No,
guinea,No,
marshall islands,No,
student,Yes,
iowa,Yes,
#england,No,
epic,Yes,
state,Yes,
cuba,Yes,
#tourist,No,
simple,Yes,
#jamaica,No,
#passport,No,
truth,Yes,
price,Yes,
#kashmir,No,
rice,Yes,
#fly,No,
lebanon,Yes,
pakistan,Yes,
crash,Yes,
receipt,No,
duty,Yes,
tsa,No,
virginia,Yes,
#photography,No,
spend,Yes,
red,Yes,
open,Yes,
philippines,No,
#tokyo,No,
#brazil,No,
#taiwan,No,
sunsets,No,
discovering,No,
global,Yes,
ago,Yes,
waterfall,No,
;-),No,
cook,Yes,
cubes,No,
gabon,No,
terrorist,Yes,
withdrawal,Yes,
beautiful,Yes,
#bangkok,No,
feel,Yes,
agree,Yes,
#barcelona,No,
nepal,No,
dreaming,Yes,
#travelinspiration,No,
mediterranean,No,
#arizona,No,
hottest,Yes,
lens,Yes,
@livelearnventur,No,
turn,Yes,
award,Yes,
trends,Yes,
weekly,Yes,
july,Yes,
state of palestine,No,
south sudan,No,
#hiking,No,
month,Yes,
#beauty,No,
we've,Yes,
#melbourne,No,
let's,Yes,
santorini,No,
call,Yes,
sharing,Yes,
#laos,No,
quit,Yes,
vote,Yes,
#greatoceanroad,No,
netherlands,Yes,
bed,Yes,
cancelled,Yes,
riding,Yes,
magenta,No,
zimbabwe,No,
cash,Yes,
back,Yes,
luxury,Yes,
sun,Yes,
flying,Yes,
airport,Yes,
heart,Yes,
advice,Yes,
lovely,Yes,
#nepal,No,
#festival,No,
los angeles,No,
postcards,No,
lonely,Yes,
japanese,Yes,
learnt,No,
happiness,Yes,
kosovo,No,
liberia,No,
north dakota,No,
tennessee,Yes,
#solotravel,No,
low,Yes,
#history,No,
#rome,No,
magical,Yes,
wonderful,Yes,
visited,Yes,
escape,Yes,
delicious,Yes,
american,Yes,
#lasvegas,No,
seat,Yes,
#losangeles,No,
boston,Yes,
farm,Yes,
happened,Yes,
vibrant,No,
angola,No,
train station,No,
currency,Yes,
#traveltips,No,
fun,Yes,
countries,Yes,
chat,Yes,
trekking,No,
#lisbon,No,
volcano,No,
greatest,Yes,
#world,No,
beat,Yes,
update,Yes,
lose,Yes,
sector,Yes,
#sweden,No,
glass,Yes,
chad,No,
slovakia,No,
zambia,No,
declare,Yes,
minnesota,Yes,
christmas,Yes,
side,Yes,
western,Yes,
foodie,No,
working,Yes,
facts,Yes,
recommend,Yes,
tomorrow,Yes,
female,Yes,
haven't,Yes,
insider,No,
track,Yes,
freedom,Yes,
bank,Yes,
reap,Yes,
foreign,Yes,
#alaska,No,
glad,Yes,
crib,Yes,
holy see,No,
#europe,No,
tour,Yes,
#foodie,No,
canada,Yes,
essential,Yes,
weeks,Yes,
shares,Yes,
ur,Yes,
animals,Yes,
1st,Yes,
#travelguide,No,
bars,Yes,
jobs,Yes,
prepare,Yes,
forward,Yes,
words,Yes,
spice,Yes,
#books,No,
castles,No,
bagan,No,
hotel,Yes,
paradise,Yes,
diaries,Yes,
slow,Yes,
essay,Yes,
spot,Yes,
spectacular,No,
#airlines,No,
tickets,Yes,
tale,Yes,
#lomography,No,
order,Yes,
#african,No,
cars,Yes,
details,Yes,
lifestyle,No,
vanuatu,No,
sick day,No,
kansas,Yes,
maryland,Yes,
things,Yes,
photograph,Yes,
nyc,Yes,
activities,Yes,
thinking,Yes,
boutiqueresort,No,
run,Yes,
sitting,Yes,
featured,Yes,
charming,No,
celebrating,Yes,
#breakfast,No,
strange,Yes,
holland,Yes,
utah,Yes,
check-out,No,
algeria,No,
snapchat,No,
sick,Yes,
round-trip,No,
read,Yes,
#africa,No,
#paris,No,
traveler,Yes,
#canada,No,
#island,No,
car,Yes,
fall,Yes,
hill,Yes,
delhi,No,
gear,Yes,
houses,Yes,
ruins,Yes,
#theweeklypostcard,No,
queen,Yes,
british,Yes,
rain,Yes,
#travels,No,
journeys,No,
jamaica,Yes,
#usa,No,
rome,Yes,
rates,Yes,
bad,Yes,
eating,Yes,
#seattle,No,
late,Yes,
#victoria,No,
baby,Yes,
term,Yes,
#mountains,No,
sleeping,Yes,
#travelers,No,
pink,Yes,
security,Yes,
#madagascar,No,
congo, republic of the,No
nauru,No,
customs,Yes,
up,Yes,
#food,No,
australia,Yes,
south,Yes,
vacation,Yes,
stories,Yes,
#beaches,No,
palace,Yes,
#mondaymotivation,No,
alternative,Yes,
hostels,No,
learning,Yes,
girl,Yes,
single,Yes,
young,Yes,
#airport,No,
scuba,No,
hipmunk,No,
wondered,Yes,
kazakhstan,No,
beach,Yes,
sunrise,Yes,
festival,Yes,
vietnam,Yes,
ideas,Yes,
short,Yes,
venice,No,
lights,Yes,
#picoftheday,No,
afternoon,Yes,
relaxing,Yes,
#capetown,No,
instant,Yes,
diary,Yes,
#app,No,
volunteering,No,
#muslim,No,
#insurance,No,
south carolina,No,
cloudy,Yes,
deals,Yes,
abroad,Yes,
#summer,No,
#philippines,No,
dream,Yes,
walking,Yes,
castle,Yes,
#flashback,No,
region,Yes,
stars,Yes,
#vancouver,No,
card,Yes,
agent,Yes,
tiny,Yes,
discovered,Yes,
alberta,No,
memorial,Yes,
cameroon,No,
mozambique,No,
identification,Yes,
#familytravel,No,
latest,Yes,
place,Yes,
#explore,No,
miss,Yes,
start,Yes,
climbing,Yes,
#travelove,No,
film,Yes,
#restaurants,No,
location,Yes,
rental,Yes,
cooking,Yes,
goawesomeplaces,No,
#riodejaneiro,No,
long-term,Yes,
luxembourg,No,
tomato juice,No,
purchasing,No,
border crossing,No,
#bali,No,
friends,Yes,
there's,Yes,
choice,Yes,
cruises,No,
months,Yes,
gem,No,
#foodporn,No,
moving,Yes,
books,Yes,
#honeymoon,No,
challenge,Yes,
scene,Yes,
shots,Yes,
featuring,Yes,
february,Yes,
ukraine,No,
ambulance,Yes,
oneway ticket,No,
connecticut,Yes,
#london,No,
lost,Yes,
pics,Yes,
romantic,Yes,
restaurant,Yes,
camping,No,
inside,Yes,
#tour,No,
lodge,No,
#music,Yes,
carnival,Yes,
#unesco,No,
mine,Yes,
sweet,Yes,
surprise,Yes,
#panama,No,
belarus,No,
malawi,No,
paraguay,No,
pennsylvania,Yes,
food,Yes,
cool,Yes,
#wanderlustwednesday,No,
madrid,No,
lessons,Yes,
kyoto,No,
#belize,No,
rocks,Yes,
means,Yes,
#resort,No,
district,Yes,
#photos,No,
honduras,No,
colorful,No,
oasis,No,
stockholm,No,
lithuania,No,
mauritania,No,
marijuana,No,
departure,Yes,
night,Yes,
#lovetravel,No,
living,Yes,
change,Yes,
#quote,Yes,
croatia,No,
fresh,Yes,
chinese,Yes,
vegan,Yes,
egypt,Yes,
wall,Yes,
lots,Yes,
#adelaide,No,
aussie,No,
abandoned,Yes,
yellowstone,No,
turkmenistan,No,
currency exchange,No,
fee,Yes,
duty free,No,
#wanderlust,No,
country,Yes,
beauty,Yes,
#ireland,No,
inspiration,Yes,
camera,Yes,
questions,Yes,
trail,Yes,
step,Yes,
pool,Yes,
guides,No,
#netherlands,No,
youtube,Yes,
villages,Yes,
#kenya,No,
lombok,No,
gounesco,No,
queensland,No,
shuttle,Yes,
northern mariana islands,No,
#photo,No,
#travelblog,No,
experience,Yes,
london,Yes,
perfect,Yes,
booking,No,
tower,Yes,
we're,Yes,
greek,Yes,
hour,Yes,
peru,No,
#ski,No,
#malta,No,
hit,Yes,
peace,Yes,
jumping,Yes,
tales,Yes,
cabo verde,No,
djibouti,No,
yemen,No,
love,Yes,
here's,Yes,
#china,No,
bloggers,Yes,
light,Yes,
hostel,No,
special,Yes,
#adventuretravel,No,
streets,Yes,
states,Yes,
rise,Yes,
modern,Yes,
mosque,No,
full-time,No,
dear,Yes,
cyprus,No,
screening,Yes,
reservation,No,
north carolina,No,
kilometer,No,
year,Yes,
#nature,No,
family,Yes,
#sunset,No,
ride,Yes,
green,Yes,
icymi,No,
#relax,No,
mistakes,Yes,
begins,Yes,
#ecuador,No,
birds,Yes,
week's,Yes,
#rio,No,
hikes,No,
#feature,No,
hanoi,No,
searching,Yes,
twitter,Yes,
allowance,No,
#australia,No,
north,Yes,
#goa,No,
#phuket,No,
relax,Yes,
sounds,Yes,
#sundaysun,No,
requirements,Yes,
#tours,No,
crossing,Yes,
caves,No,
getaways,No,
running,Yes,
panama,No,
scenes,Yes,
glamping,No,
guinea-bissau,No,
libya,No,
traveler's check,No,
new hampshire,No,
central,Yes,
#bangladesh,No,
#buenos aires,No,
#destination,No,
head,Yes,
#puertorico,No,
#weekend,No,
pass,Yes,
gift,Yes,
african,Yes,
minute,Yes,
march,Yes,
spending,Yes,
bike,Yes,
hand,Yes,
#enjoy,No,
including,Yes,
senegal,No,
idaho,No,
washington state,No,
day,Yes,
planning,Yes,
):,No,
valley,Yes,
cambodia,No,
dishes,Yes,
guess,Yes,
trek,Yes,
public,Yes,
feeling,Yes,
republic,Yes,
#travelbug,No,
#itinerary,No,
#georgia,No,
toolbox,No,
scuba diving,No,
orange,Yes,
ferry,Yes,
nevada,No,
west virginia,No,
#travelpics,No,
thailand,No,
european,Yes,
experiences,Yes,
spain,Yes,
show,Yes,
inn,Yes,
coffee,Yes,
#scotland,No,
puerto rico,No,
morocco,No,
round,Yes,
ubud,No,
offers,Yes,
chile,Yes,
#travelagent,No,
king,Yes,
dog,Yes,
check point,No,
tips,Yes,
attractions,No,
room,Yes,
prague,No,
#california,No,
goa,No,
breakfast,Yes,
listing,Yes,
tea,Yes,
area,Yes,
exciting,Yes,
#poland,No,
common,Yes,
riviera,No,
border,Yes,
busy,Yes,
suspended,Yes,
#vegas,No,
grenada,No,
delaware,Yes,
stay,Yes,
#backpacking,No,
#traveling,No,
small,Yes,
#wildlife,No,
forest,Yes,
#sunrise,No,
biggest,Yes,
driving,Yes,
middle,Yes,
#life,No,
happen,Yes,
laos,No,
january,Yes,
belize,No,
edition,Yes,
tajikistan,No,
united kingdom,No,
rental car,No,
border control,No,
photo,Yes,
resort,Yes,
man,Yes,
grand,Yes,
created,Yes,
#belgium,No,
essentials,No,
weather,Yes,
nights,Yes,
#landscape,No,
angkor,No,
#nicaragua,No,
tool,Yes,
#blogging,No,
swimming,Yes,
overseas,Yes,
technology,Yes,
project,Yes,
wisconsin,Yes,
#rtw,No,
#thailand,No,
europe,Yes,
#uk,No,
hours,Yes,
discover,Yes,
sunday,Yes,
interesting,Yes,
drink,Yes,
tokyo,Yes,
heritage,Yes,
#flights,No,
language,Yes,
giveaway,Yes,
#businesstravel,No,
dark,Yes,
pro,Yes,
highway,Yes,
qatar,No,
uzbekistan,No,
top,Yes,
park,Yes,
#italy,No,
book,Yes,
sea,Yes,
#caribbean,No,
museum,Yes,
west,Yes,
getaway,No,
#sailing,No,
#bangalore,No,
#deal,No,
unusual,Yes,
#discount,No,
moment,Yes,
website,Yes,
capture,Yes,
#trek,No,
sailing,Yes,
touring,No,
list,Yes,
river,Yes,
hot,Yes,
flights,Yes,
work,Yes,
class,Yes,
#gaytravel,No,
women,Yes,
traditional,Yes,
cold,Yes,
#diving,No,
climb,Yes,
#mumbai,No,
museums,Yes,
whilst,Yes,
pier,No,
cote d'ivoire,No,
police,Yes,
indiana,Yes,
adventure,Yes,
review,Yes,
easy,Yes,
temple,Yes,
hawaii,Yes,
#instagram,No,
sights,Yes,
mind,Yes,
;),No,
wonders,Yes,
villa,No,
#delhi,No,
page,Yes,
case,Yes,
routes,No,
movies,Yes,
villas,No,
reality,Yes,
benin,No,
comoros,No,
solo,Yes,
bridge,Yes,
#cheap,No,
amsterdam,Yes,
visa,No,
fit,Yes,
bring,Yes,
gallery,Yes,
thought,Yes,
doesn't,Yes,
set,Yes,
#usvi,No,
barns,No,
typical,Yes,
facebook,Yes,
leaving,Yes,
estonia,No,
timor-leste,No,
wednesday,Yes,
#vietnam,No,
learn,Yes,
unique,Yes,
village,Yes,
talk,Yes,
#budgettravel,No,
series,Yes,
#tanzania,No,
cost,Yes,
dreams,Yes,
airline,Yes,
#corsica,No,
signs,Yes,
rooms,Yes,
smart,Yes,
sound,Yes,
#luxuryhotel,No,
saint maarten,No,
oklahoma,Yes,
#travel,Yes,
travelpics,No,
video,Yes,
eat,Yes,
#turkey,No,
tip,Yes,
wildlife,Yes,
history,Yes,
#peru,No,
kerala,No,
group,Yes,
harbor,Yes,
#contest,No,
#adventures,No,
click,Yes,
eritrea,No,
monaco,No,
senior citizen,No,
december,Yes,
city,Yes,
melbourne,Yes,
highlights,No,
end,Yes,
fly,Yes,
fantastic,Yes,
cave,Yes,
#cycling,No,
washington,Yes,
#castles,No,
fort,Yes,
temples,No,
fishing,Yes,
wanted,Yes,
mumbai,Yes,
test,Yes,
aurora borealis,No,
#freedom,No,
seychelles,No,
unpacking,No,
